data_iniSE,SE,casos_est,casos_est_min,casos_est_max,casos,p_rt1,p_inc100k,Localidade_id,nivel,id,versao_modelo,municipio_nome,tweet,Rt,pop,tempmin,umidmax,receptivo,transmissao,nivel_inc,umidmed,umidmin,tempmed,tempmax,casprov,casprov_est,casprov_est_min,casprov_est_max,casconf,notif_accum_year
2025-12-28,202553,6.0,6,6,6,0.108289726,8.100664,0,1,352710820255320608,2026-06-04,Lins,,0.5495322,74068,23.2066,93.5115714285714,1,0,0,73.4962857142857,50.9418571428571,27.5090142857143,32.4200428571429,0,,,,,5102
2025-12-21,202552,10.0,10,10,10,0.23924538,13.501107,0,1,352710820255220608,2026-06-04,Lins,,0.74860275,74068,23.2492285714286,82.1226142857143,1,0,1,62.0446,45.2851285714286,28.0238714285714,32.7035285714286,0,,,,,5102
2025-12-14,202551,10.0,10,10,10,0.14828357,13.501107,0,1,352710820255120608,2026-06-04,Lins,,0.6610917,74068,21.5808,89.9761,0,0,1,78.7569142857143,65.9172571428571,24.4119285714286,27.7337857142857,0,,,,,5102
2025-12-07,202550,13.0,13,13,13,0.37817487,17.55144,0,1,352710820255020608,2026-06-04,Lins,,0.8900921,74068,22.0335142857143,89.0728142857143,1,0,1,74.1015857142857,58.4529571428571,25.3758571428571,29.1999857142857,0,,,,,5102
2025-11-30,202549,18.0,18,18,18,0.7479202,24.301992,0,1,352710820254920608,2026-06-04,Lins,,1.2623203,74068,22.3529428571429,80.3416714285714,1,0,1,61.5767142857143,41.5148428571429,27.1052571428571,32.6013285714286,1,,,,,5102
2025-11-23,202548,15.0,15,15,15,0.4603848,20.251661,0,1,352710820254820608,2026-06-04,Lins,,0.9651142,74068,18.8263142857143,84.4968,0,0,1,61.2655714285714,40.3526428571429,24.2233285714286,29.7396,0,,,,,5102
2025-11-16,202547,10.0,10,10,10,0.11845593,13.501107,0,1,352710820254720608,2026-06-04,Lins,,0.6291582,74068,19.7821,82.5313428571429,0,0,1,62.3860571428571,41.0316285714286,24.6522142857143,30.1755857142857,2,,,,,5102
2025-11-09,202546,20.0,20,20,20,0.73268497,27.002214,0,1,352710820254620608,2026-06-04,Lins,,1.2266384,74068,19.6091,77.6320285714286,0,0,1,59.3269,40.4326,24.7915142857143,30.4488,0,,,,,5102
2025-11-02,202545,14.0,14,14,14,0.27263758,18.90155,0,1,352710820254520608,2026-06-04,Lins,,0.8074857,74068,20.9943857142857,91.6448428571429,0,0,1,75.0114714285714,56.9516857142857,24.8689571428571,29.4566571428571,2,,,,,5102
2025-10-26,202544,16.0,16,16,16,0.39414126,21.60177,0,1,352710820254420608,2026-06-04,Lins,,0.91243064,74068,20.3429285714286,84.5226857142857,0,0,1,66.8512857142857,50.2150142857143,24.7473857142857,29.1200428571429,0,,,,,5102
2025-10-19,202543,18.0,18,18,18,0.61624783,24.301992,0,1,352710820254320608,2026-06-04,Lins,,1.1049632,74068,16.4247142857143,68.9517571428571,0,0,1,46.8674714285714,28.5414857142857,22.2332285714286,28.5847571428571,0,,,,,5102
2025-10-12,202542,19.0,19,19,19,0.7804516,25.652103,0,1,352710820254220608,2026-06-04,Lins,,1.3032663,74068,21.1443571428571,83.7136857142857,0,0,1,66.5598428571429,46.3189714285714,25.6186,30.6911142857143,0,,,,,5102
2025-10-05,202541,16.0,16,16,16,0.67213887,21.60177,0,1,352710820254120608,2026-06-04,Lins,,1.1756539,74068,20.7141285714286,71.2828714285714,0,0,1,53.5373857142857,35.6808142857143,26.0939285714286,32.3742857142857,1,,,,,5102
2025-09-28,202540,15.0,15,15,15,0.49804354,20.251661,0,1,352710820254020608,2026-06-04,Lins,,0.99823636,74068,21.3832142857143,62.0032571428571,0,0,1,39.2149,20.6761142857143,28.0352285714286,34.9912142857143,0,,,,,5102
2025-09-21,202539,12.0,12,12,12,0.13542907,16.201328,0,1,352710820253920608,2026-06-04,Lins,,0.66970634,74068,18.1584857142857,76.2678285714286,0,0,1,56.0147,37.2920571428571,23.8656428571429,29.9907,0,,,,,5102
2025-09-14,202538,13.0,13,13,13,0.19672945,17.55144,0,1,352710820253820608,2026-06-04,Lins,,0.73650455,74068,18.8384857142857,73.3172142857143,0,0,1,45.5289571428571,25.4782,25.8521,33.0953857142857,1,,,,,5102
2025-09-07,202537,20.0,20,20,20,0.8850284,27.002214,0,1,352710820253720608,2026-06-04,Lins,,1.5156847,74068,18.5841714285714,65.2722,0,0,1,41.8243571428571,22.8071142857143,25.3083,32.3756571428571,0,,,,,5102
2025-08-31,202536,23.0,23,23,23,0.99281394,31.052546,0,1,352710820253620608,2026-06-04,Lins,,2.4322672,74068,18.8883142857143,63.7668428571429,0,1,1,43.5705,27.0008714285714,24.7680285714286,31.1568857142857,0,,,,,5102
2025-08-24,202535,10.0,10,10,10,0.60112745,13.501107,0,1,352710820253520608,2026-06-04,Lins,,1.1222923,74068,17.2327857142857,77.4299428571429,0,0,1,53.4901,32.2870714285714,23.4546428571429,29.9552857142857,0,,,,,5102
2025-08-17,202534,9.0,9,9,9,0.3598718,12.150996,0,1,352710820253420608,2026-06-04,Lins,,0.8529163,74068,18.3021857142857,65.9742142857143,0,0,1,43.5777714285714,22.4576857142857,24.7744142857143,32.3756285714286,0,,,,,5102
2025-08-10,202533,6.0,6,6,6,0.07630075,8.100664,0,1,352710820253320608,2026-06-04,Lins,,0.50669855,74068,11.1254,76.7781857142857,0,0,0,49.1308285714286,25.9609142857143,17.8080857142857,25.5676428571429,0,,,,,5102
2025-08-03,202532,13.0,13,13,13,0.50141746,17.55144,0,1,352710820253220608,2026-06-04,Lins,,1.0013728,74068,14.9473571428571,73.7127714285714,0,0,1,54.4176857142857,32.6389428571429,19.9528571428571,25.9005,0,,,,,5102
2025-07-27,202531,11.0,11,11,11,0.23364475,14.851218,0,1,352710820253120608,2026-06-04,Lins,,0.7527706,74068,13.8445285714286,70.3731285714286,0,0,1,49.7508857142857,28.6152571428571,19.7353285714286,26.6412857142857,0,,,,,5102
2025-07-20,202530,13.0,13,13,13,0.28427362,17.55144,0,1,352710820253020608,2026-06-04,Lins,,0.81123,74068,14.1854142857143,79.8013285714286,0,0,1,55.0684428571429,31.1072142857143,20.3386285714286,27.7817428571429,0,,,,,5102
2025-07-13,202529,14.0,14,14,14,0.35113016,18.90155,0,1,352710820252920608,2026-06-04,Lins,,0.8713897,74068,14.8046142857143,69.5694428571429,0,0,1,51.5847571428571,33.9439571428571,19.6932857142857,25.5095857142857,0,,,,,5102
2025-07-06,202528,18.0,18,18,18,0.6544599,24.301992,0,1,352710820252820608,2026-06-04,Lins,,1.1449157,74068,13.6628285714286,77.2530571428571,0,0,1,58.0744714285714,36.9234142857143,18.3584428571429,24.5361571428571,1,,,,,5102
2025-06-29,202527,16.0,16,16,16,0.4765583,21.60177,0,1,352710820252720608,2026-06-04,Lins,,0.9797918,74068,14.3016428571429,85.4952571428571,0,0,1,71.0405571428571,53.9663,18.4877,23.7833571428571,7,,,,,5102
2025-06-22,202526,15.0,15,15,15,0.27906024,20.251661,0,1,352710820252620608,2026-06-04,Lins,,0.8180521,74068,14.9072571428571,88.3653142857143,0,0,1,67.9203857142857,46.2537571428571,18.9742142857143,24.3870428571429,3,,,,,5102
2025-06-15,202525,16.0,16,16,16,0.18288346,21.60177,0,1,352710820252520608,2026-06-04,Lins,,0.7454273,74068,15.7310714285714,82.7533428571429,0,0,1,66.3945,43.9466857142857,20.1079285714286,26.0699,1,,,,,5102
2025-06-08,202524,17.0,17,17,17,0.07515929,22.951881,0,1,352710820252420608,2026-06-04,Lins,,0.6453983,74068,14.4349,86.5804142857143,0,0,1,72.7153571428571,51.3728714285714,18.1450714285714,22.7857571428571,5,,,,,5102
2025-06-01,202523,23.0,23,23,23,0.08406077,31.052546,0,1,352710820252320608,2026-06-04,Lins,,0.69216406,74068,16.2792285714286,91.8331571428571,0,0,1,74.6413285714286,51.1683428571429,20.7380714285714,26.4572285714286,1,,,,,5102
2025-05-25,202522,21.0,21,21,21,0.01241328,28.352325,0,1,352710820252220608,2026-06-04,Lins,,0.55279124,74068,14.5790857142857,83.5374428571428,0,0,1,63.1648285714286,42.7522142857143,18.8887714285714,23.8699285714286,3,,,,,5102
2025-05-18,202521,38.0,38,38,38,0.35316718,51.304207,0,1,352710820252120608,2026-06-04,Lins,,0.91925156,74068,17.4726714285714,84.2439428571429,0,0,1,63.7916428571429,38.6991,22.1913142857143,28.0201285714286,2,,,,,5102
2025-05-11,202520,39.0,39,39,39,0.18924542,52.654316,0,1,352710820252020599,2026-05-26,Lins,,0.82754284,74068,18.0473142857143,81.5567142857143,0,0,1,67.3813428571429,51.9843285714286,21.7050285714286,26.1424714285714,3,,,,,5102
2025-05-04,202519,39.0,39,39,39,0.0702309,52.654316,0,1,352710820251920592,2026-05-19,Lins,,0.73514587,74068,18.876,81.6952714285714,0,0,1,67.3192142857143,46.8854571428571,23.045,28.2451571428571,11,,,,,5102
2025-04-27,202518,44.0,44,44,44,0.041243806,59.404873,0,1,352710820251820587,2026-05-14,Lins,,0.71263295,74068,18.5835428571429,89.8836142857143,0,0,1,76.7923714285714,61.4133142857143,22.1683571428571,26.5077857142857,15,,,,,5102
2025-04-20,202517,64.0,64,64,64,0.027341098,86.40708,0,1,352710820251720578,2026-05-05,Lins,,0.7311005,74068,19.6508571428571,90.8167714285714,0,0,1,77.8334428571429,64.1863285714286,22.7807857142857,26.7733142857143,9,,,,,5102
2025-04-13,202516,40.0,40,40,40,3.91287e-12,54.00443,0,4,352710820251620571,2026-04-28,Lins,,0.31822553,74068,20.6460714285714,90.0500142857143,0,0,1,76.7592285714286,60.263,23.7295714285714,27.4538571428571,16,,,,,5102
2025-04-06,202515,83.0,83,83,83,1.5159369e-08,112.05919,0,4,352710820251520566,2026-04-23,Lins,,0.48801732,74068,20.0923571428571,80.7413,0,0,2,65.0099428571429,46.8372142857143,24.3593857142857,29.5156142857143,34,,,,,5102
2025-03-30,202514,132.0,132,132,132,2.7985124e-07,178.21461,0,4,352710820251420557,2026-04-14,Lins,,0.58399767,74068,22.4178,89.0594428571429,1,0,2,74.4753571428571,55.5882142857143,25.6584571428571,29.6013285714286,48,,,,,5102
2025-03-23,202513,154.0,154,154,154,5.967824e-10,207.91705,0,4,352710820251320552,2026-04-09,Lins,,0.5507964,74068,22.4264857142857,88.1399285714286,1,0,2,71.3701428571429,54.1793714285714,26.2440714285714,30.5226142857143,63,,,,,5102
2025-03-16,202512,225.0,225,225,225,8.2345156e-05,303.7749,0,4,352710820251220544,2026-04-01,Lins,,0.72102445,74068,21.5972,85.0187857142857,0,0,2,67.6024285714286,49.2687857142857,25.9443285714286,30.7762,62,,,,,5102
2025-03-09,202511,302.0,302,302,302,0.057775218,407.73343,0,4,352710820251120536,2026-03-24,Lins,,0.8833126,74068,23.5796714285714,80.2988142857143,1,0,2,60.7319428571429,41.9997142857143,27.8518714285714,32.6802571428571,57,,,,,5102
2025-03-02,202510,322.0,322,322,322,0.0076655853,434.73566,0,4,352710820251020529,2026-03-17,Lins,,0.8332288,74068,23.7048428571429,69.7403714285714,1,0,2,52.1053142857143,34.0575142857143,28.2003857142857,33.1556571428571,96,,,,,5102
2025-02-23,202509,307.0,307,307,307,0.00015882071,414.48398,0,4,352710820250920522,2026-03-10,Lins,,0.76232463,74068,23.5433428571429,84.0614285714286,1,0,2,65.8717714285714,44.8695571428571,27.6384142857143,32.5057571428571,97,,,,,5102
2025-02-16,202508,407.0,407,407,407,0.82384807,549.49506,0,4,352710820250820516,2026-03-04,Lins,,1.0685002,74068,23.5178285714286,90.1375571428571,1,0,2,72.7724714285714,55.4204142857143,27.4720571428571,31.5827285714286,73,,,,,5102
2025-02-09,202507,467.0,467,467,467,0.9985515,630.5017,0,4,352710820250720508,2026-02-24,Lins,,1.2276092,74068,22.4552857142857,90.8759285714286,1,1,2,74.0866,58.1707285714286,26.1259714285714,29.8014142857143,107,,,,,5102
2025-02-02,202506,328.0,328,328,328,0.01209536,442.8363,0,4,352710820250620504,2026-02-20,Lins,,0.8448052,74068,21.3788571428571,94.8535428571429,0,0,2,84.1113285714286,69.0672571428571,24.2286,27.7284428571429,107,,,,,5102
2025-01-26,202505,370.0,370,370,370,0.7946213,499.54095,0,4,352710820250520495,2026-02-11,Lins,,1.063298,74068,22.4764285714286,95.4417714285714,1,0,2,83.4399285714286,66.5256714285714,25.1309142857143,28.4572,143,,,,,5102
2025-01-19,202504,442.0,442,442,442,1.0,596.74896,0,4,352710820250420491,2026-02-07,Lins,,1.6277376,74068,23.1851428571429,88.5283857142857,1,1,2,70.5518,50.7395571428571,27.4378571428571,32.2025571428571,204,,,,,5102
2025-01-12,202503,373.0,373,373,373,1.0,503.5913,0,4,352710820250320487,2026-02-03,Lins,,1.8571392,74068,21.3709142857143,86.2537285714286,0,1,2,72.5888714285714,57.3641571428571,25.1282428571429,29.0114857142857,224,,,,,5102
2025-01-05,202502,250.0,250,250,250,1.0,337.52768,0,4,352710820250220460,2026-01-07,Lins,,1.7573835,74068,21.8358571428571,87.5855428571429,0,1,2,69.7507142857143,51.3292428571429,26.2728,30.8092428571429,112,,,,,5102
2024-12-29,202501,206.0,206,206,206,1.0,278.1228,0,4,352710820250120460,2026-01-07,Lins,,2.007022,74068,21.8975428571429,93.7472571428571,0,1,2,79.3823857142857,62.1639142857143,25.4785571428571,29.3687,123,,,,,5102
